year,month,product_code,product_name,quantity_tons,import_value,customs_amount
2018,4,1001,թռչնի միս,2328.4309,1175.9982,321.458517
2018,4,1006,կարագ,360.0057,954.6587,265.668931
2018,4,1101,բանան,1771.1756,633.7709,157.103192
2018,4,1512,նարինջ,1406.599,384.4653,99.960968
2018,4,1701,ցորեն,17966.575,1474.3635,28.177194
2018,4,207,բրինձ,632.6526,156.3472,23.484349
2018,4,405,ալյուր,2602.2169,250.7036,
2018,4,803,հնդկաձավար,451.2993,57.6608,0.075709
2018,4,805,ձեթ,2646.1566,1083.6328,1.82121
2018,4,1104,մարգարին,1623.9611,901.0113,81.088442
2018,4,1517,"շաքարավազ, հումք",1288.7556,302.2034,56.673106
2018,4,1901,մանկական սնունդ,43.8099,198.2584,27.223848
2018,4,3004,դեղորայք,187.2331,3408.4889,567.100869
2018,4,2710,բենզին,12729.674,4831.1738,
2018,4,,դիզ. վառելիք,8954.346,3550.6745,
2018,5,1001,թռչնի միս,2786.5125,1269.0466,337.09161
2018,5,1006,կարագ,490.7603,1231.1231,336.730502
2018,5,1101,բանան,5165.9017,1747.5905,432.554581
2018,5,1512,նարինջ,797.129,272.1785,70.766411
2018,5,1701,ցորեն,19054.8635,1668.595,9.125619
2018,5,207,բրինձ,757.44,220.4016,39.793833
2018,5,405,ալյուր,2672.5505,246.0476,2.059561
2018,5,803,հնդկաձավար,612.9213,70.8386,0.0
2018,5,805,ձեթ,1965.8414,828.6242,6.867637
2018,5,1104,մարգարին,2115.2625,1570.9427,277.790044
2018,5,1517,"շաքարավազ, հումք",1247.1545,285.0767,36.497372
2018,5,1901,մանկական սնունդ,32.9317,139.914,19.646218
2018,5,3004,դեղորայք,116.5763,4996.5219,553.986698
2018,5,2710,բենզին,11113.264,4438.9179,1405.247051
2018,5,,դիզ. վառելիք,10514.133,4361.1261,144.691475
2018,6,1001,թռչնի միս,2347.4356,1055.5345,305.034953
2018,6,1006,կարագ,118.4316,289.2985,65.691697
2018,6,1101,բանան,1437.6926,443.3291,109.94563
2018,6,1512,նարինջ,201.36,67.0721,15.389501
2018,6,1701,ցորեն,9323.325,779.7149,37.634185
2018,6,207,բրինձ,288.211,87.6607,15.040115
2018,6,405,ալյուր,2097.9496,213.7051,1.968164
2018,6,803,հնդկաձավար,850.326,113.6874,0.0
2018,6,805,ձեթ,1748.0307,888.4024,11.712605
2018,6,1104,մարգարին,1733.5737,1056.7733,124.469196
2018,6,1517,"շաքարավազ, հումք",23071.4544,3887.5927,753.190776
2018,6,1901,մանկական սնունդ,55.8117,215.7645,18.511992
2018,6,3004,դեղորայք,139.4381,7904.0723,651.279251
2018,6,2710,բենզին,2846.197,1177.4218,67.50801
2018,6,,դիզ. վառելիք,8407.766,7904.0723,651.279251
2018,7,1001,թռչնի միս,1993.3526,821.3186,198.030439
2018,7,1006,կարագ,183.0668,468.5321,129.994807
2018,7,1101,բանան,1370.6265,438.7916,108.820307
2018,7,1701,ցորեն,26250.121,2014.3622,83.257852
2018,7,207,բրինձ,260.589,81.2426,11.347253
2018,7,405,ալյուր,2221.5926,229.6635,0.124623
2018,7,803,հնդկաձավար,218.6584,31.8685,0.0
2018,7,805,ձեթ,1935.7407,820.2341,21.38828
2018,7,1104,մարգարին,1181.1505,633.0263,36.413935
2018,7,1517,"շաքարավազ, հումք",8977.5842,1570.0543,302.35607
2018,7,1901,մանկական սնունդ,25.3229,91.7587,6.140513
2018,7,3004,դեղորայք,119.5993,3917.8706,475.786726
2018,7,2710,բենզին,12540.654,4945.4912,790.102623
2018,7,,դիզ. վառելիք,11250.372,4415.9589,0.0
2018,8,1001,թռչնի միս,2638.1546,1130.5241,316.949205
2018,8,1006,կարագ,345.0623,730.6424,158.953334
2018,8,1101,բանան,1215.5107,374.9488,92.987295
2018,8,1512,նարինջ,9.27,2.3272,0.204791
2018,8,1701,ցորեն,40445.93,3468.1075,163.578614
2018,8,207,բրինձ,515.9041,168.0089,29.453735
2018,8,405,ալյուր,3342.1155,350.326,3.00318
2018,8,803,հնդկաձավար,373.1052,47.8617,0.0
2018,8,805,ձեթ,1911.2858,800.7512,9.562961
2018,8,1104,մարգարին,1064.1943,554.0237,30.173061
2018,8,1517,"շաքարավազ, հումք",1144.0206,256.2351,40.731092
2018,8,1901,մանկական սնունդ,46.7116,216.9138,37.428984
2018,8,3004,դեղորայք,475.5507,3296.061,562.001989
2018,8,2710,բենզին,15410.993,6176.5139,889.912703
2018,8,,դիզ. վառելիք,15575.201,6253.1703,15.090508
2018,9,1001,թռչնի միս,1705.8877,786.8456,236.645774
2018,9,1006,կարագ,157.5368,378.9508,87.161275
2018,9,1101,բանան,1613.0048,517.7029,128.358968
2018,9,1512,նարինջ,22.07,10.2529,2.227011
2018,9,1701,ցորեն,56078.547,5302.3416,152.079544
2018,9,207,բրինձ,494.3201,172.5594,27.246599
2018,9,405,ալյուր,4322.5279,428.9331,0.108674
2018,9,803,հնդկաձավար,431.057,59.614000000000004,0.0
2018,9,805,ձեթ,2635.1993,1153.6103,7.535742
2018,9,1104,մարգարին,1563.832,734.2395,51.876103
2018,9,1517,"շաքարավազ, հումք",170.5636,49.9196,1.410172
2018,9,1901,մանկական սնունդ,61.3502,228.0276,15.265289
2018,9,3004,դեղորայք,185.1418,3182.1196,537.36854
2018,9,2710,բենզին,11199.912,4434.7509,371.654372
2018,9,,դիզ. վառելիք,9193.075,3752.4667,0.0
2018,10,1001,թռչնի միս,3394.4389,1550.4895,555.635132
2018,10,1006,կարագ,395.6951,1013.0413,316.059716
2018,10,1101,բանան,2366.8984,731.8807,177.929126
2018,10,1512,նարինջ,395.5636,142.0739,36.755122
2018,10,1701,ցորեն,29137.5679,2667.1829,76.288336
2018,10,207,բրինձ,1597.7351,475.9651,85.496046
2018,10,405,ալյուր,1952.6068,220.1638,3.663672
2018,10,803,հնդկաձավար,355.267,64.6246,0.0
2018,10,805,ձեթ,2722.4825,1147.2635,17.457783
2018,10,1104,մարգարին,1635.7277,858.5758,89.278484
2018,10,1517,"շաքարավազ, հումք",884.3819,187.2053,159.003541
2018,10,1901,մանկական սնունդ,27.59,106.8618,10.880837
2018,10,3004,դեղորայք,152.1294,5040.2976,919.717188
2018,10,2710,բենզին,12688.903,5120.6712,950.075043
2018,10,,դիզ. վառելիք,9122.438,3848.7875,0.0
2018,11,1001,թռչնի միս,2327.5913,1215.3155,426.944423
2018,11,1006,կարագ,493.8336,1213.3431,368.957274
2018,11,1101,բանան,1712.2528,531.5715,131.76164
2018,11,1512,նարինջ,1182.058,392.0351,101.929139
2018,11,1701,ցորեն,23062.535,2137.2046,28.857875
2018,11,207,բրինձ,854.8783,208.6238,36.184766
2018,11,405,ալյուր,1822.7615,237.8957,0.746768
2018,11,803,հնդկաձավար,532.0835,83.52709999999999,0.0
2018,11,805,ձեթ,2780.3136,3609.6026,4.927248
2018,11,1104,մարգարին,2377.8858,1355.2707,183.735203
2018,11,1517,"շաքարավազ, հումք",31610.786,4824.3814,4831.542443
2018,11,1901,մանկական սնունդ,58.5863,223.8963,29.151914
2018,11,3004,դեղորայք,908.967,7639.9932,1452.182355
2018,11,2710,բենզին,9845.717,3910.1935,904.021781
2018,11,,դիզ. վառելիք,7803.634,3312.9847,26.219257
2018,12,1001,թռչնի միս,4757.5918,2078.1546,796.729657
2018,12,1006,կարագ,491.7057,1326.8006,436.983406
2018,12,1101,բանան,2701.1082,831.8395,205.704967
2018,12,1512,նարինջ,3323.568,921.8374,239.705848
2018,12,1701,ցորեն,24541.69,2689.9283,43.129778
2018,12,207,բրինձ,1290.7125,308.517,54.758331
2018,12,405,ալյուր,1593.3476,188.3037,1.361842
2018,12,803,հնդկաձավար,248.9511,40.5831,0.042905
2018,12,805,ձեթ,2472.2889,1037.1699,18.485243
2018,12,1104,մարգարին,1858.1702,1028.3225,88.883612
2018,12,1517,"շաքարավազ, հումք",2451.6444,515.7273,469.488032
2018,12,1901,մանկական սնունդ,82.9703,300.6888,28.329479
2018,12,3004,դեղորայք,177.1779,7136.728,1269.826698
2018,12,2710,բենզին,10270.035,3629.6477,732.332361
2018,12,,դիզ. վառելիք,7123.598,2609.5961,104.344086
2019,1,1001,թռչնի միս,1526.54,643.5623,263.066936
2019,1,1006,կարագ,153.4413,391.7889,136.993991
2019,1,1101,բանան,1318.551,418.8441,103.873328
2019,1,1512,նարինջ,1181.13,337.0143,87.623715
2019,1,1701,ցորեն,8129.9407,789.1295,22.508324
2019,1,207,բրինձ,1452.925,371.3796,82.712399
2019,1,405,ալյուր,982.8636,124.9828,0.004231
2019,1,803,հնդկաձավար,218.94799999999998,24.6572,
2019,1,805,ձեթ,987.3378,399.1619,8.327774
2019,1,1104,մարգարին,899.0518,527.5992,79.463623
2019,1,1517,"շաքարավազ, հումք",168.7964,52.1875,15.6428
2019,1,1901,մանկական սնունդ,33.7204,132.7732,22.951479
2019,1,3004,դեղորայք,69.5756,4335.0234,956.593558
2019,1,2710,բենզին,19360.181,5754.9972,535.058397
2019,1,,դիզ. վառելիք,15863.635,5221.1881,90.229178
2019,2,1001,թռչնի միս,3390.6336,1474.9306,482.447574
2019,2,1006,կարագ,216.0239,536.3304,149.847767
2019,2,1101,բանան,1934.3674,685.3056,169.840784
2019,2,1512,նարինջ,2140.176,577.293,150.09972
2019,2,1701,ցորեն,22246.204,2401.1811,33.416275
2019,2,207,բրինձ,2478.9092,408.939,85.200529
2019,2,405,ալյուր,2423.4886,310.0541,0.0
2019,2,803,հնդկաձավար,551.1506999999999,92.67419999999998,0.0
2019,2,805,ձեթ,2256.0916,901.1875,0.001135
2019,2,1104,մարգարին,1817.4417,1061.0323,103.531301
2019,2,1517,"շաքարավազ, հումք",254.9556,63.3631,11.297208
2019,2,1901,մանկական սնունդ,30.2354,124.5984,14.911001
2019,2,3004,դեղորայք,164.8258,4258.8752,733.187638
2019,2,2710,բենզին,14896.386,4634.894,109.429803
2019,2,,դիզ. վառելիք,3213.758,1181.2918,0.0
2019,3,1001,թռչնի միս,3142.2746,1571.0084,415.367335
2019,3,1006,կարագ,290.98,681.7402,196.635996
2019,3,1101,բանան,1725.2056,697.8461,173.065836
2019,3,1512,նարինջ,2347.476,653.8694,170.006034
2019,3,1701,ցորեն,15728.09,1645.4179,26.301305
2019,3,207,բրինձ,791.3854,244.5686,46.54184
2019,3,405,ալյուր,2019.8213,289.352,4.110603
2019,3,803,հնդկաձավար,432.9062,73.3167,0.0
2019,3,805,ձեթ,2119.8835,844.7338,8.581216
2019,3,1104,մարգարին,1763.2915,928.4056,66.658342
2019,3,1517,"շաքարավազ, հումք",3.6087,2.6665,0.517156
2019,3,1901,մանկական սնունդ,17.0156,63.4866,2.110318
2019,3,3004,դեղորայք,117.7686,5417.5112,697.029284
2019,3,2710,բենզին,13091.637,4306.751,137.870965
2019,3,,դիզ. վառելիք,6336.768,2498.8967,0.0
2019,4,1001,թռչնի միս,3999.314,2104.3328,617.649272
2019,4,1006,կարագ,414.8885,951.3225,274.217144
2019,4,1101,բանան,1848.483,717.288,176.734617
2019,4,1512,նարինջ,1798.992,498.8416,129.69883
2019,4,1701,ցորեն,10329.29,1168.6587,29.739018
2019,4,207,բրինձ,553.1241,148.8194,31.496252
2019,4,405,ալյուր,1922.7739,262.8076,0.015857
2019,4,803,հնդկաձավար,441.579,69.589,0.0
2019,4,805,ձեթ,1528.5662,618.4472,6.365921
2019,4,1104,մարգարին,1586.0072,1066.1,134.329741
2019,4,1517,"շաքարավազ, հումք",8.3891,5.1777,0.784049
2019,4,1901,մանկական սնունդ,99.896,396.2074,45.651023
2019,4,3004,դեղորայք,164.4185,7736.4086,881.495853
2019,4,2710,բենզին,8844.615,3230.1047,0.0
2019,4,,դիզ. վառելիք,9273.804,3496.95,0.0
2019,5,1001,թռչնի միս,4746.0224,2170.2654,632.022932
2019,5,1006,կարագ,161.8828,377.8313,113.419267
2019,5,1101,բանան,2344.5993,829.3643,201.06638
2019,5,1512,նարինջ,698.962,178.129,46.313546
2019,5,1701,ցորեն,11275.71,1194.008,0.0
2019,5,207,բրինձ,866.1542,253.0004,49.474437
2019,5,405,ալյուր,1770.914,240.4299,0.468181
2019,5,803,հնդկաձավար,524.2604,88.4736,0.0
2019,5,805,ձեթ,2028.6318,783.2127,4.011811
2019,5,1104,մարգարին,1995.8567,1129.4792,99.052956
2019,5,1517,"շաքարավազ, հումք",4555.6987,920.1916,183.540724
2019,5,1901,մանկական սնունդ,12.759,44.0839,0.311299
2019,5,3004,դեղորայք,146.2698,4306.6894,816.315981
2019,5,2710,բենզին,8227.188,3202.2086,85.436271
2019,5,,դիզ. վառելիք,9626.899,3692.3414,31.070257
2019,6,1001,թռչնի միս,3321.8103,1650.8652,430.144003
2019,6,1006,կարագ,348.4735,801.5603,265.845212
2019,6,1101,բանան,1768.926,596.1608,147.820834
2019,6,1512,նարինջ,118.8,31.6088,8.218276
2019,6,1701,ցորեն,5017.315,455.9769,3.53428
2019,6,207,բրինձ,513.5676,177.1978,36.545611
2019,6,405,ալյուր,1722.5453,239.2386,0.604056
2019,6,803,հնդկաձավար,549.6239,82.0753,0.0
2019,6,805,ձեթ,2227.5451,872.3638,2.925515
2019,6,1104,մարգարին,1383.0849,655.5219,30.930865
2019,6,1517,"շաքարավազ, հումք",27718.568,4634.2686,914.164045
2019,6,1901,մանկական սնունդ,45.2467,182.0534,23.720589
2019,6,3004,դեղորայք,144.0854,4702.711,647.49708
2019,6,2710,բենզին,14292.928,5066.1181,0.0
2019,6,,դիզ. վառելիք,8495.482,3056.6028,148.797193
2019,7,1001,թռչնի միս,2994.3717,1791.4963,503.563541
2019,7,1006,կարագ,295.7054,757.2698,263.182553
2019,7,1101,բանան,1220.5676,400.1496,99.237113
2019,7,1512,նարինջ,0.0,0.0,0.0
2019,7,1701,ցորեն,26295.35,2311.1558,64.848045
2019,7,207,բրինձ,325.5204,99.1977,19.586624
2019,7,405,ալյուր,1623.4787,203.2459,0.140306
2019,7,803,հնդկաձավար,451.85609999999997,76.5904,0.0
2019,7,805,ձեթ,2077.5454,817.8077,9.312842
2019,7,1104,մարգարին,1636.2651,858.1245,26.812841
2019,7,1517,"շաքարավազ, հումք",9198.7844,1552.0916,298.899763
2019,7,1901,մանկական սնունդ,40.5939,184.5317,26.820116
2019,7,3004,դեղորայք,140.5056,4194.279,823.4689
2019,7,2710,բենզին,18478.892,6542.7283,42.170442
2019,7,,դիզ. վառելիք,15069.221,5349.2991,74.056693
2019,8,1001,թռչնի միս,2158.9542,1271.5246,333.727248
2019,8,1006,կարագ,334.0332,843.4048,215.892079
2019,8,1101,բանան,1308.8587,409.1985,101.481231
2019,8,1512,նարինջ,11.63,3.6056,0.560715
2019,8,1701,ցորեն,39003.635,3550.4571,181.65706
2019,8,207,բրինձ,392.2037,105.5101,20.44099
2019,8,405,ալյուր,1700.0246,217.1744,2.50078
2019,8,803,հնդկաձավար,257.6512,38.4578,0.0
2019,8,805,ձեթ,1928.2836,762.2303,9.441301
2019,8,1104,մարգարին,1049.0527,532.2169,45.629626
2019,8,1517,"շաքարավազ, հումք",1006.9279,192.1539,0.580932
2019,8,1901,մանկական սնունդ,57.4149,183.7382,11.077859
2019,8,3004,դեղորայք,109.8814,3151.7902,599.656789
2019,8,2710,բենզին,8158.294,2804.7568,0.0
2019,8,,դիզ. վառելիք,7309.179,2536.8653,321.435028
2019,9,1001,թռչնի միս,2328.7439,1327.1239,406.792192
2019,9,1006,կարագ,229.2217,512.1826,114.277716
2019,9,1101,բանան,1276.2016,411.7252,102.076298
2019,9,1512,նարինջ,11.4,3.6417,0.946854
2019,9,1701,ցորեն,41210.95,3976.5067,323.978493
2019,9,207,բրինձ,671.8624,199.8713,38.621898
2019,9,405,ալյուր,1327.0857,168.529,0.223108
2019,9,803,հնդկաձավար,375.2203,52.200599999999994,
2019,9,805,ձեթ,1606.0866,634.6741,5.467981
2019,9,1104,մարգարին,1386.1623,715.9625,52.464733
2019,9,1517,"շաքարավազ, հումք",995.8114,188.4982,3.557971
2019,9,1901,մանկական սնունդ,52.4942,239.9862,38.942404
2019,9,3004,դեղորայք,148.5183,31252.7376,547.892951
2019,9,2710,բենզին,15183.061,4862.5702,148.9188
2019,9,,դիզ. վառելիք,16895.971,5792.2155,387.582867
2019,10,1001,թռչնի միս,2943.373,1698.8482,424.30732
2019,10,1006,կարագ,301.6596,764.9255,224.703438
2019,10,1101,բանան,1870.029,629.9292,156.222428
2019,10,1512,նարինջ,370.188,107.704,27.903472
2019,10,1701,ցորեն,27792.57,2609.9736,5.401207
2019,10,207,բրինձ,383.1598,110.2202,16.31547
2019,10,405,ալյուր,1887.8086,253.6575,1.361241
2019,10,803,հնդկաձավար,833.3548000000001,167.5538,0.0
2019,10,805,ձեթ,3135.5233,1278.6386,11.245543
2019,10,1104,մարգարին,2409.0069,1596.9383,156.276512
2019,10,1517,"շաքարավազ, հումք",1504.0318,276.7392,4.572106
2019,10,1901,մանկական սնունդ,37.0732,126.5337,3.833022
2019,10,3004,դեղորայք,181.211,5876.2405,885.849986
2019,10,2710,բենզին,14340.321,4845.6785,0.0
2019,10,,դիզ. վառելիք,10557.363,3779.8329,426.475406
2019,11,1001,թռչնի միս,4332.8671,2298.8473,776.503361
2019,11,1006,կարագ,248.4362,591.6551,199.535062
2019,11,1101,բանան,1969.7884,650.6445,161.258203
2019,11,1512,նարինջ,1100.29,284.6194,73.647097
2019,11,1701,ցորեն,19148.859,1805.5277,48.137806
2019,11,207,բրինձ,1663.6924,532.0088,109.855272
2019,11,405,ալյուր,2474.7511,284.8196,2.786757
2019,11,803,հնդկաձավար,1537.6916999999999,190.5741,
2019,11,805,ձեթ,3164.4732,1327.6803,6.313757
2019,11,1104,մարգարին,2425.9012,1367.4479,159.184136
2019,11,1517,"շաքարավազ, հումք",2416.6137,415.3189,12.199084
2019,11,1901,մանկական սնունդ,51.4729,176.1959,21.845874
2019,11,3004,դեղորայք,166.8331,4231.8261,655.779874
2019,11,2710,բենզին,16533.214,5565.2796,99.321039
2019,11,,դիզ. վառելիք,15855.356,5630.8105,254.384738
2019,12,1001,թռչնի միս,8500.6287,3906.8945,1301.63951
2019,12,1006,կարագ,630.5248,1527.6494,480.928712
2019,12,1101,բանան,2615.0689,887.8977,219.900291
2019,12,1512,նարինջ,3503.733,867.6155,217.842846
2019,12,1701,ցորեն,19837.107,1881.9845,0.0
2019,12,207,բրինձ,1353.3992,332.2464,70.431871
2019,12,405,ալյուր,2467.4049,338.2686,0.234041
2019,12,803,հնդկաձավար,396.9013,77.6528,0.0
2019,12,805,ձեթ,2784.1439,1116.2387,6.464785
2019,12,1104,մարգարին,2773.1841,1506.2111,166.707637
2019,12,1517,"շաքարավազ, հումք",5410.6363,927.4667,6.870915
2019,12,1901,մանկական սնունդ,56.3619,247.8589,38.479484
2019,12,3004,դեղորայք,259.7471,7212.9274,1467.044854
2019,12,2710,բենզին,23877.886,8284.1946,142.814674
2019,12,,դիզ. վառելիք,15251.969,5220.7906,699.367776
2020,1,1001,թռչնի միս,3423.1622,1543.7343,385.053615
2020,1,1006,կարագ,167.5465,396.9736,139.095947
2020,1,1101,բանան,1369.0696,479.0717,98.796354
2020,1,1512,նարինջ,1116.592,266.6346,62.932421
2020,1,1701,ցորեն,15856.47,1582.8261,17.635337
2020,1,207,բրինձ,492.1987,145.2813,33.043973
2020,1,405,ալյուր,726.0414,97.4764,0.332624
2020,1,803,հնդկաձավար,158.982,32.0133,0.03275
2020,1,805,ձեթ,1139.9844,464.3032,9.108534
2020,1,1104,մարգարին,796.8422,484.7782,52.699746
2020,1,1517,"շաքարավազ, հումք",850.7379,116.3434,6.738782
2020,1,1901,մանկական սնունդ,40.7213,161.6866,22.002286
2020,1,3004,դեղորայք,51.1616,1672.1319,360.547123
2020,1,2710,բենզին,9553.309,3475.9963,0.0
2020,1,,դիզ. վառելիք,8183.669,2982.8583,422.811894
2020,2,1001,թռչնի միս,3029.4638,1382.3462,329.622379
2020,2,1006,կարագ,186.4734,457.5792,139.240646
2020,2,1101,բանան,1687.468,585.9799,145.288213
2020,2,1512,նարինջ,2899.809,715.5832,162.272041
2020,2,1701,ցորեն,5169.18,505.9418,0.0
2020,2,207,բրինձ,1012.8374,295.8554,77.093892
2020,2,405,ալյուր,938.7613,117.8475,0.01272
2020,2,803,հնդկաձավար,160.0908,39.342299999999994,0.0
2020,2,805,ձեթ,1264.808,519.4954,2.764566
2020,2,1104,մարգարին,927.6087,444.7774,16.816963
2020,2,1517,"շաքարավազ, հումք",1081.3697,167.4492,0.106536
2020,2,1901,մանկական սնունդ,38.5609,155.3536,28.564398
2020,2,3004,դեղորայք,123.8478,3593.9775,586.985433
2020,2,2710,բենզին,11757.408,3861.7305,0.0
2020,2,,դիզ. վառելիք,11129.315,3806.3679,296.394597
2020,3,1001,թռչնի միս,5228.3418,2496.2892,569.251554
2020,3,1006,կարագ,490.9361,1179.6937,352.228528
2020,3,1101,բանան,2227.9654,798.3627,197.823527
2020,3,1512,նարինջ,1635.7453,431.1145,107.696823
2020,3,1701,ցորեն,10126.67,879.7239,0.0
2020,3,207,բրինձ,1304.5823,384.4347,93.000628
2020,3,405,ալյուր,1087.7412,125.9311,0.599928
2020,3,803,հնդկաձավար,488.0612,98.2935,0.0
2020,3,805,ձեթ,2521.7258,972.4205,1.656589
2020,3,1104,մարգարին,1442.8794,783.7875,48.289999
2020,3,1517,"շաքարավազ, հումք",1991.6389,317.4241,8.07806
2020,3,1901,մանկական սնունդ,38.5089,163.5811,25.50421
2020,3,3004,դեղորայք,208.2482,5517.9106,931.014135
2020,3,2710,բենզին,26896.234,7241.9258,0.0
2020,3,,դիզ. վառելիք,9730.426,3175.576,49.141716
2020,4,1001,թռչնի միս,1810.8063,885.8483,269.224525
2020,4,1006,կարագ,323.8057,794.3791,234.643648
2020,4,1101,բանան,2076.504,708.578,155.218136
2020,4,1512,նարինջ,2518.9159,672.8585,167.248148
2020,4,1701,ցորեն,21667.68,2088.7074,0.0
2020,4,207,բրինձ,1028.2873,302.9138,58.774754
2020,4,405,ալյուր,2821.437,374.2085,0.151719
2020,4,803,հնդկաձավար,382.1255,65.0233,0.021654
2020,4,805,ձեթ,4348.4663,1735.2417,10.224885
2020,4,1104,մարգարին,2631.4509,1434.1167,119.489025
2020,4,1517,"շաքարավազ, հումք",3687.2762,560.8241,0.314027
2020,4,1901,մանկական սնունդ,44.8313,141.4858,9.957099
2020,4,3004,դեղորայք,289.1129,6429.8269,830.916344
2020,4,2710,բենզին,14671.579,2067.1655,0.0
2020,4,,դիզ. վառելիք,10344.74,2037.1124,12.115582
2020,6,1001,թռչնի միս,1219.2868,533.57,165.885178
2020,6,1006,կարագ,359.0994,807.2775,232.184171
2020,6,1101,բանան,1974.6747,602.3844,149.347588
2020,6,1512,նարինջ,4.09,0.9642,0.192832
2020,6,1701,ցորեն,3613.55,287.1583,0.0
2020,6,207,բրինձ,1361.2472,447.1747,88.680503
2020,6,405,ալյուր,1020.4172,132.7421,0.026535
2020,6,803,հնդկաձավար,471.08500000000004,158.7587,0.679072
2020,6,805,ձեթ,1253.8461,529.6967,3.407916
2020,6,1104,մարգարին,1556.3218,765.6252,66.581337
2020,6,1517,"շաքարավազ, հումք",4454.0493,737.3836,0.188328
2020,6,1901,մանկական սնունդ,30.4867,123.0996,18.624287
2020,6,3004,դեղորայք,164.582,4156.9848,585.762516
2020,6,2710,բենզին,15225.379,3546.3219,0.0
2020,6,,դիզ. վառելիք,29222.32,6080.7416,919.652532
2020,7,1001,թռչնի միս,2263.4454,1104.9115,438.971246
2020,7,1006,կարագ,427.8497,1036.0767,334.314842
2020,7,1101,բանան,1690.5883,482.4731,115.804996
2020,7,1512,նարինջ,0.0,0.0,0.0
2020,7,1701,ցորեն,27639.294,2428.3814,0.0
2020,7,207,բրինձ,626.8911,182.7296,32.625084
2020,7,405,ալյուր,1992.6449,244.9,0.054342
2020,7,803,հնդկաձավար,270.8678,76.7368,0.054342
2020,7,805,ձեթ,1543.9226,682.1011,7.622258
2020,7,1104,մարգարին,1467.839,717.1746,53.672653
2020,7,1517,"շաքարավազ, հումք",5137.0937,862.8433,7.108656
2020,7,1901,մանկական սնունդ,59.1585,220.1815,27.148763
2020,7,3004,դեղորայք,385.5122,6587.8433,750.013087
2020,7,2710,բենզին,14008.502,3253.4665,
2020,7,,դիզ. վառելիք,29055.562,5875.4204,1003.566723
2020,8,1001,թռչնի միս,1741.5473,783.8241,309.383218
2020,8,1006,կարագ,459.6949,1081.7507,320.330418
2020,8,1101,բանան,1525.5695,427.7896,93.660604
2020,8,1512,նարինջ,34.163,11.7126,1.239259
2020,8,1701,ցորեն,54489.316,5115.3385,0.0
2020,8,207,բրինձ,600.5141,173.1742,34.791411
2020,8,405,ալյուր,2523.0484,314.7196,0.262857
2020,8,803,հնդկաձավար,386.3931,105.8827,0.0
2020,8,805,ձեթ,2057.5813,900.9946,11.12838
2020,8,1104,մարգարին,1246.4609,609.7509,36.064259
2020,8,1517,"շաքարավազ, հումք",1131.3461,201.7512,0.312528
2020,8,1901,մանկական սնունդ,36.6483,110.302,0.0
2020,8,3004,դեղորայք,183.2812,4466.9674,756.423543
2020,8,2710,բենզին,21752.629,5573.8571,153.395671
2020,8,,դիզ. վառելիք,17470.072,4002.1926,577.233467
2020,9,1001,թռչնի միս,2644.1787,1086.1285,440.500519
2020,9,1006,կարագ,231.1918,578.9493,109.392133
2020,9,1101,բանան,1505.7108,420.4558,104.249255
2020,9,1512,նարինջ,35.979,9.9074,0.263823
2020,9,1701,ցորեն,35587.625,3196.3215,0.0
2020,9,207,բրինձ,434.2008,154.8448,28.010425
2020,9,405,ալյուր,1555.0927,194.3912,0.525676
2020,9,803,հնդկաձավար,296.2402,96.6792,0.0
2020,9,805,ձեթ,2536.3344,1023.7547,10.195495
2020,9,1104,մարգարին,1524.4332,844.2016,78.92739
2020,9,1517,"շաքարավազ, հումք",3690.358,760.9241,50.473913
2020,9,1901,մանկական սնունդ,24.5385,92.4629,11.500468
2020,9,3004,դեղորայք,106.5444,4075.5171,671.173475
2020,9,2710,բենզին,7112.618,1974.3326,17.826521
2020,9,,դիզ. վառելիք,16275.545,3357.356,772.327156
2020,10,1001,թռչնի միս,2135.527,886.9072,276.73064
2020,10,1006,կարագ,242.5271,520.8459,95.610075
2020,10,1101,բանան,1712.9588,516.9187,128.183311
2020,10,1512,նարինջ,206.917,55.9564,11.710655
2020,10,1701,ցորեն,29480.554,2760.4011,20.003071
2020,10,207,բրինձ,656.4012,213.9267,32.61853
2020,10,405,ալյուր,2220.7253,283.4482,0.0
2020,10,803,հնդկաձավար,954.619,304.0684,0.0
2020,10,805,ձեթ,3515.5562,1872.3592,0.132494
2020,10,1104,մարգարին,1634.0837,823.0146,47.6885
2020,10,1517,"շաքարավազ, հումք",8454.584,1806.4846,212.944173
2020,10,1901,մանկական սնունդ,52.3045,259.562,43.804825
2020,10,3004,դեղորայք,357.5615,4287.162,694.435862
2020,10,2710,բենզին,25000.84,6274.1179,0.0
2020,10,,դիզ. վառելիք,18233.426,3661.1902,613.856117
2020,11,1001,թռչնի միս,2999.2704,1258.7278,471.042311
2020,11,1006,կարագ,149.4286,385.5574,129.508134
2020,11,1101,բանան,1987.6212,599.1508,148.585851
2020,11,1512,նարինջ,1022.2946,256.5376,59.626405
2020,11,1701,ցորեն,26875.27,2773.0811,0.0
2020,11,207,բրինձ,568.3162,173.8284,24.834679
2020,11,405,ալյուր,1511.8264,221.6428,2.409552
2020,11,803,հնդկաձավար,766.1335,227.299,0.0
2020,11,805,ձեթ,2968.2718,1715.1755,2.702458
2020,11,1104,մարգարին,1646.8538,951.3505,91.136088
2020,11,1517,"շաքարավազ, հումք",14034.7188,2581.4529,510.388968
2020,11,1901,մանկական սնունդ,80.6984,217.433,17.850492
2020,11,3004,դեղորայք,171.4062,6820.8989,825.942604
2020,11,2710,բենզին,20137.02,4921.9756,600.070321
2020,11,,դիզ. վառելիք,15968.381,3196.855,554.570913
2020,12,1001,թռչնի միս,5395.3739,2517.9873,1012.293636
2020,12,1006,կարագ,973.4105,2281.9817,779.275671
2020,12,1101,բանան,2180.204,673.6592,167.00168
2020,12,1512,նարինջ,3318.2948,852.8184,198.067654
2020,12,1701,ցորեն,24442.86,2911.4467,0.0
2020,12,207,բրինձ,1793.7058,558.051,112.827298
2020,12,405,ալյուր,2140.1539,342.8572,0.255566
2020,12,803,հնդկաձավար,608.4095,179.4703,0.0
2020,12,805,ձեթ,2480.3637,1591.6935,15.258139
2020,12,1104,մարգարին,2279.7182,1345.7883,74.68552
2020,12,1517,"շաքարավազ, հումք",20058.9458,4083.6607,795.47892
2020,12,1901,մանկական սնունդ,73.8308,387.5661,62.495171
2020,12,3004,դեղորայք,268.2953,10990.7709,1458.580175
2020,12,2710,բենզին,22426.974,6107.4359,958.745109
2020,12,,դիզ. վառելիք,15083.305,3513.0049,456.639302
2021,1,1001,թռչնի միս,2377.3296,1039.2657,249.46452
2021,1,1006,կարագ,49.6379,121.6539,17.951638
2021,1,1101,բանան,1681.005,592.0655,146.798372
2021,1,1512,նարինջ,1242.6667,352.2938,81.022646
2021,1,1701,ցորեն,4471.21,541.3715,0.0
2021,1,207,բրինձ,900.4093,312.2437,92.321913
2021,1,405,ալյուր,432.38,72.5722,1.243881
2021,1,803,հնդկաձավար,95.82939999999999,27.712699999999998,0.0
2021,1,805,ձեթ,296.7282,179.2158,0.025391
2021,1,1104,մարգարին,277.3428,182.0301,15.898905
2021,1,1517,"շաքարավազ, հումք",0.4295,0.3055,0.113407
2021,1,1901,մանկական սնունդ,14.0476,59.6116,10.030304
2021,1,3004,դեղորայք,59.2387,2209.1378,458.215589
2021,1,2710,բենզին,22237.643,6212.643,1137.893449
2021,1,,դիզ. վառելիք,6574.989,1462.4166,261.983791
2021,2,1001,թռչնի միս,2938.0835,1230.5875,287.830226
2021,2,1006,կարագ,102.1616,289.3368,89.249007
2021,2,1101,բանան,1867.032,717.0371,177.727007
2021,2,1512,նարինջ,1553.3974,403.4055,87.625121
2021,2,1701,ցորեն,9435.79,1197.694,0.0
2021,2,207,բրինձ,390.059,120.4388,20.350277
2021,2,405,ալյուր,1213.7979,188.0419,1.182248
2021,2,803,հնդկաձավար,213.9354,74.4254,0.0
2021,2,805,ձեթ,2030.5886,1397.9178,1.295047
2021,2,1104,մարգարին,1464.4903,933.886,40.719293
2021,2,1517,"շաքարավազ, հումք",159.494,44.9828,0.209814
2021,2,1901,մանկական սնունդ,21.7135,89.0635,14.388449
2021,2,3004,դեղորայք,110.6713,3711.8277,699.417844
2021,2,2710,բենզին,12614.606,3295.3658,1547.173033
2021,2,,դիզ. վառելիք,10211.568,2943.1455,161.12328
2021,3,1001,թռչնի միս,1973.9577,1050.5949,253.851519
2021,3,1006,կարագ,154.2075,417.7821,155.084901
2021,3,1101,բանան,2231.2257,967.0602,239.678607
2021,3,1512,նարինջ,2242.8226,605.4396,134.414962
2021,3,1701,ցորեն,6009.25,750.2187,0.0
2021,3,207,բրինձ,628.3746,268.4894,73.475456
2021,3,405,ալյուր,750.4029,115.146,0.081447
2021,3,803,հնդկաձավար,62.455200000000005,21.168,0.0
2021,3,805,ձեթ,1320.5925,953.3596,10.917316
2021,3,1104,մարգարին,1145.9933,796.3069,57.374508
2021,3,1517,"շաքարավազ, հումք",248.3377,88.2067,1.956426
2021,3,1901,մանկական սնունդ,62.0089,281.8801,48.931054
2021,3,3004,դեղորայք,108.3388,4686.0651,860.302096
2021,3,2710,բենզին,17866.852,6254.3708,504.557595
2021,3,,դիզ. վառելիք,6761.108,1999.1378,214.649054
2021,4,1001,թռչնի միս,2154.3009,1117.0117,262.468546
2021,4,1006,կարագ,265.9206,666.7512,170.552122
2021,4,1101,բանան,2377.8648,979.2661,242.857994
2021,4,1512,նարինջ,1671.4708,450.971,100.762042
2021,4,1701,ցորեն,36591.116,1327.2131,6.252531
2021,4,207,բրինձ,810.2571,278.6606,56.075377
2021,4,405,ալյուր,1559.664,232.5403,0.614642
2021,4,803,հնդկաձավար,616.7266999999999,237.7038,0.0
2021,4,805,ձեթ,4314.5553,3584.4764,5.607354
2021,4,1104,մարգարին,2163.9622,1539.7009,53.878334
2021,4,1517,"շաքարավազ, հումք",491.5277,173.6178,0.144056
2021,4,1901,մանկական սնունդ,36.1396,171.6951,25.665565
2021,4,3004,դեղորայք,189.658,8427.6064,1069.768337
2021,4,2710,բենզին,15779.046,5766.3907,211.141599
2021,4,,դիզ. վառելիք,17033.003,5496.8296,108.234681
2021,5,1001,թռչնի միս,1906.1983,1205.2344,278.492764
2021,5,1006,կարագ,316.1645,837.9443,235.187935
2021,5,1101,բանան,2033.7949,739.2545,183.279704
2021,5,1512,նարինջ,649.094,169.6251,38.893793
2021,5,1701,ցորեն,19535.5777,2168.4854,29.577788
2021,5,207,բրինձ,845.3196,327.9328,81.083089
2021,5,405,ալյուր,2022.4986,272.7275,2.857103
2021,5,803,հնդկաձավար,572.3130000000001,232.6026,0.0
2021,5,805,ձեթ,2983.9727,2521.6968,7.276524
2021,5,1104,մարգարին,2153.1208,1673.5232,91.060003
2021,5,1517,"շաքարավազ, հումք",667.7112,219.633,0.1467
2021,5,1901,մանկական սնունդ,59.9786,297.4247,50.062167
2021,5,3004,դեղորայք,143.1141,7641.3268,804.689549
2021,5,2710,բենզին,20374.327,7233.5699,676.053576
2021,5,,դիզ. վառելիք,18434.245,5941.8614,141.578975
2021,6,1001,թռչնի միս,2113.9909,1340.2306,384.88367
2021,6,1006,կարագ,182.6909,501.3535,130.621526
2021,6,1101,բանան,1733.177,584.5356,144.945653
2021,6,1512,նարինջ,47.3827,15.3302,3.92581
2021,6,1701,ցորեն,13424.86,1501.7278,4.039055
2021,6,207,բրինձ,778.2042,317.9066,78.102619
2021,6,405,ալյուր,1708.79,244.9244,0.95164
2021,6,803,հնդկաձավար,180.1523,94.69999999999999,0.0
2021,6,805,ձեթ,1306.754,1107.0027,25.318514
2021,6,1104,մարգարին,1350.4166,1075.0209,46.312474
2021,6,1517,"շաքարավազ, հումք",4069.077,1156.4033,173.946022
2021,6,1901,մանկական սնունդ,24.625,99.3902,9.361278
2021,6,3004,դեղորայք,142.5565,4882.478,958.735991
2021,6,2710,բենզին,22108.376,8482.739,682.705078
2021,6,,դիզ. վառելիք,25560.467,8548.7621,133.180316
2021,7,1001,թռչնի միս,3636.5662,2052.945,648.64092
2021,7,1006,կարագ,303.6369,832.7344,279.795537
2021,7,1101,բանան,1160.5644,348.9256,86.496509
2021,7,1512,նարինջ,30.57,11.4997,2.708409
2021,7,1701,ցորեն,21106.36,1908.6695,0.0
2021,7,207,բրինձ,344.5303,139.1234,32.359695
2021,7,405,ալյուր,2185.6069,306.0476,1.244682
2021,7,803,հնդկաձավար,2.5458,1.1819,0.016675
2021,7,805,ձեթ,1216.6456,869.9879,11.020998
2021,7,1104,մարգարին,1471.8369,1007.3518,37.122958
2021,7,1517,"շաքարավազ, հումք",13865.9471,3818.375,264.63571
2021,7,1901,մանկական սնունդ,33.4956,154.7873,22.087982
2021,7,3004,դեղորայք,152.4892,7619.58,957.058738
2021,7,2710,բենզին,16907.358,6912.6383,279.647229
2021,7,,դիզ. վառելիք,13043.349,4761.2248,29.231394
2021,8,1001,թռչնի միս,2835.722,1640.1399,437.241491
2021,8,1006,կարագ,371.597,1071.4655,361.066073
2021,8,1101,բանան,1379.932,380.0134,94.198256
2021,8,1512,նարինջ,22.815,6.3355,0.39741
2021,8,1701,ցորեն,32887.725,3220.4301,0.0
2021,8,207,բրինձ,437.8712,184.8557,45.616097
2021,8,405,ալյուր,2.4113,1.2679999999999998,0.0
2021,8,803,հնդկաձավար,2158.7096,288.4994,2.503698
2021,8,805,ձեթ,1538.4095,1048.7169,4.616387
2021,8,1104,մարգարին,1323.0924,973.8919,16.89846
2021,8,1517,"շաքարավազ, հումք",5362.3659,1498.5146,69.822605
2021,8,1901,մանկական սնունդ,47.5005,187.7516,22.094191
2021,8,3004,դեղորայք,87.06,3053.9538,543.384915
2021,8,2710,բենզին,14734.96,6366.5094,947.498243
2021,8,,դիզ. վառելիք,12556.389,4610.7404,23.834404
2021,9,1001,թռչնի միս,3454.7817,2046.5756,505.124534
2021,9,1006,կարագ,321.2155,944.4586,351.236393
2021,9,1101,բանան,1684.372,463.0862,114.816923
2021,9,1512,նարինջ,116.7758,49.258,9.744358
2021,9,1701,ցորեն,33706.931,3635.3873,0.0
2021,9,207,բրինձ,421.1513,158.016,29.365675
2021,9,405,ալյուր,1730.1596,247.8962,2.667378
2021,9,803,հնդկաձավար,352.0562,136.7859,0.0
2021,9,805,ձեթ,1041.521,682.4058,1.431336
2021,9,1104,մարգարին,1789.1073,1470.8957,149.221834
2021,9,1517,"շաքարավազ, հումք",12578.1511,3536.7319,352.431088
2021,9,1901,մանկական սնունդ,30.3701,130.3174,15.491194
2021,9,3004,դեղորայք,148.225,4945.4932,649.078083
2021,9,2710,բենզին,19011.483,8172.0986,23.198672
2021,9,,դիզ. վառելիք,18690.676,6948.3809,92.617351
2021,10,1001,թռչնի միս,4825.0629,2821.8754,745.078995
2021,10,1006,կարագ,142.8764,395.8675,106.171997
2021,10,1101,բանան,1859.022,553.7206,137.272979
2021,10,1512,նարինջ,455.0709,131.0855,30.150573
2021,10,1701,ցորեն,29222.293,3394.867,0.0
2021,10,207,բրինձ,573.9647,246.7726,61.938549
2021,10,405,ալյուր,1986.1778,280.4285,0.068168
2021,10,803,հնդկաձավար,569.6085,224.34300000000002,0.0
2021,10,805,ձեթ,3161.888,2142.0666,2.661482
2021,10,1104,մարգարին,1936.2209,1443.9871,48.69322
2021,10,1517,"շաքարավազ, հումք",2042.4303,631.1007,0.843907
2021,10,1901,մանկական սնունդ,65.7743,252.102,35.983891
2021,10,3004,դեղորայք,237.9325,7305.6835,1009.830969
2021,10,2710,բենզին,18973.788,8154.4852,1223.573665
2021,10,,դիզ. վառելիք,25421.028,9590.5437,297.196954
2021,11,1001,թռչնի միս,4389.8268,2581.7249,559.095555
2021,11,1006,կարագ,160.7274,433.2155,154.260693
2021,11,1101,բանան,1905.957,602.9052,149.496466
2021,11,1512,նարինջ,1475.3775,399.2101,86.746833
2021,11,1701,ցորեն,50532.471,6187.429,9.845362
2021,11,207,բրինձ,1120.7988,355.0292,60.773313
2021,11,405,ալյուր,2592.6681,381.8077,0.483372
2021,11,803,հնդկաձավար,510.72470000000004,227.6171,0.0
2021,11,805,ձեթ,3154.2787,2115.6966,2.303581
2021,11,1104,մարգարին,2431.6338,1992.0784,149.978031
2021,11,1517,"շաքարավազ, հումք",17501.4817,4764.9926,86.28181
2021,11,1901,մանկական սնունդ,48.0387,191.1778,19.303703
2021,11,3004,դեղորայք,202.3448,5561.1388,926.852447
2021,11,2710,բենզին,19108.122,8471.2918,1390.182642
2021,11,,դիզ. վառելիք,12183.3,4994.7721,192.092572
2021,12,1001,թռչնի միս,5846.0366,3773.8693,1321.820573
2021,12,1006,կարագ,219.6017,593.2634,201.325398
2021,12,1101,բանան,2349.1434,798.7262,198.065298
2021,12,1512,նարինջ,3652.32,990.7204,209.042501
2021,12,1701,ցորեն,36601.544,4453.7432,11.348078
2021,12,207,բրինձ,1665.6358,699.3227,191.502274
2021,12,405,ալյուր,2089.9769,332.7933,2.709188
2021,12,803,հնդկաձավար,326.2508,151.6968,0.0
2021,12,805,ձեթ,2639.6676,1806.3337,8.461514
2021,12,1104,մարգարին,1642.2509,1396.0982,58.910102
2021,12,1517,"շաքարավազ, հումք",17795.2861,4975.2474,160.152238
2021,12,1901,մանկական սնունդ,40.807,162.2844,19.248844
2021,12,3004,դեղորայք,260.1857,8061.866,1179.510563
2021,12,2710,բենզին,26677.695,11815.6705,113.408753
2021,12,,դիզ. վառելիք,19790.3488,7842.7688,365.333388
2022,1,1001,թռչնի միս,1495.919,955.1824,182.00836
2022,1,1006,կարագ,362.9667,998.9222,304.185378
2022,1,1101,բանան,1888.738,656.6388,162.801676
2022,1,1512,նարինջ,1026.259,283.3508,63.363251
2022,1,1701,ցորեն,30763.48,3580.5126,0.0
2022,1,207,բրինձ,852.3267,281.4594,76.354355
2022,1,405,ալյուր,2422.6441,330.8344,0.03625
2022,1,803,հնդկաձավար,48.725,22.7063,0.0
2022,1,805,ձեթ,1438.573,890.0129,5.771962
2022,1,1104,մարգարին,1219.5782,961.2573,35.37374
2022,1,1517,"շաքարավազ, հումք",393.5642,126.0041,6.839136
2022,1,1901,մանկական սնունդ,41.9953,203.9847,36.927263
2022,1,3004,դեղորայք,292.5779,4538.3883,717.805674
2022,1,2710,բենզին,19649.715,8506.2384,107.87876
2022,1,,դիզ. վառելիք,10252.945,3946.6395,232.317981
2022,2,1001,թռչնի միս,3519.1907,2064.6097,573.36277
2022,2,1006,կարագ,132.8576,364.2352,121.58812
2022,2,1101,բանան,2585.5597,911.762,226.04602
2022,2,1512,նարինջ,3384.888,955.3625,215.823949
2022,2,1701,ցորեն,27681.3,3096.7156,0.0
2022,2,207,բրինձ,992.0784,377.1692,98.280651
2022,2,405,ալյուր,2512.9896,341.5764,0.134648
2022,2,803,հնդկաձավար,163.4676,70.9438,0.0
2022,2,805,ձեթ,1580.8428,1066.161,4.909372
2022,2,1104,մարգարին,1598.6338,1320.5599,59.9411
2022,2,1517,"շաքարավազ, հումք",720.896,215.0524,0.102524
2022,2,1901,մանկական սնունդ,60.3683,239.7734,35.775088
2022,2,3004,դեղորայք,275.7153,11399.2862,595.051999
2022,2,2710,բենզին,11017.105,4848.7672,189.065715
2022,2,,դիզ. վառելիք,8220.675,3504.9032,5.571546
2022,3,1001,թռչնի միս,2139.3477,1312.6348,459.730528
2022,3,1006,կարագ,432.9909,1252.8318,475.311995
2022,3,1101,բանան,1804.266,797.9614,197.881449
2022,3,1512,նարինջ,2114.991,625.0189,143.261075
2022,3,1701,ցորեն,3025.67,213.1895,0.0
2022,3,207,բրինձ,830.2121,337.8919,106.040805
2022,3,405,ալյուր,1139.9456,136.2073,1.23269
2022,3,803,հնդկաձավար,83.8495,35.8915,0.0
2022,3,805,ձեթ,590.8897,294.3071,0.853847
2022,3,1104,մարգարին,413.2571,360.5731,33.476909
2022,3,1517,"շաքարավազ, հումք",1.9988,1.095,0.583631
2022,3,1901,մանկական սնունդ,29.2687,162.5747,24.73552
2022,3,3004,դեղորայք,138.9877,4248.2012,822.356213
2022,3,2710,բենզին,23653.472,11698.7346,512.389035
2022,3,,դիզ. վառելիք,13305.672,6692.2542,0.0
2022,4,1001,թռչնի միս,3754.6881,2451.5619,467.492996
2022,4,1006,կարագ,114.8083,283.4607,96.142477
2022,4,1101,բանան,2268.959,929.3908,221.392965
2022,4,1512,նարինջ,1550.454,503.2214,110.124352
2022,4,1701,ցորեն,16782.536,1779.1046,0.0
2022,4,207,բրինձ,1034.7537,350.4351,77.777069
2022,4,405,ալյուր,3436.7775,554.9837,0.453875
2022,4,803,հնդկաձավար,837.6938,401.1958,0.033288
2022,4,805,ձեթ,3273.3389,2430.7675,2.398455
2022,4,1104,մարգարին,2368.1803,2116.6014,26.897949
2022,4,1517,"շաքարավազ, հումք",11428.134,3053.0077,48.114928
2022,4,1901,մանկական սնունդ,95.9386,426.9032,63.042884
2022,4,3004,դեղորայք,122.3465,3828.3297,630.97043
2022,4,2710,բենզին,9119.169,4261.7069,276.742147
2022,4,,դիզ. վառելիք,13747.7854,7326.7456,174.92065
2022,5,1001,թռչնի միս,3638.2078,2363.0492,688.62414
2022,5,1006,կարագ,320.552,793.6427,260.839077
2022,5,1101,բանան,2259.5619,789.2418,157.833966
2022,5,1512,նարինջ,668.5576,204.5529,40.910573
2022,5,1701,ցորեն,19446.119,2624.5858,0.0
2022,5,207,բրինձ,1702.5835,667.1035,193.484858
2022,5,405,ալյուր,1690.3041,344.2231,3.560012
2022,5,803,հնդկաձավար,153.9804,99.2032,0.0
2022,5,805,ձեթ,3147.5114,2484.2912,1.679504
2022,5,1104,մարգարին,1584.2003,1723.5561,33.075147
2022,5,1517,"շաքարավազ, հումք",13489.6561,3411.9445,35.87076
2022,5,1901,մանկական սնունդ,61.7081,260.6305,19.595777
2022,5,3004,դեղորայք,191.576,3734.382,580.26815
2022,5,2710,բենզին,20587.882,9241.0579,283.363518
2022,5,,դիզ. վառելիք,13864.091,8578.8394,33.602158
2022,6,1001,թռչնի միս,2958.4263,1798.4014,473.714496
2022,6,1006,կարագ,366.2283,863.837,263.727091
2022,6,1101,բանան,2144.0481,758.157,151.631409
2022,6,1512,նարինջ,491.962,133.335,26.667
2022,6,1701,ցորեն,31627.22,4422.0377,0.0
2022,6,207,բրինձ,1385.7756,561.6134,165.612955
2022,6,405,ալյուր,2372.7545,442.6075,0.254901
2022,6,803,հնդկաձավար,174.2091,94.3668,0.0
2022,6,805,ձեթ,3283.9846,2574.9771,6.421476
2022,6,1104,մարգարին,2137.9858,2293.4471,51.088859
2022,6,1517,"շաքարավազ, հումք",49.0781,28.6409,9.748356
2022,6,1901,մանկական սնունդ,68.1313,255.0032,17.080407
2022,6,3004,դեղորայք,179.2478,5031.8815,729.277089
2022,6,2710,բենզին,15825.029,7097.1152,371.31798
2022,6,,դիզ. վառելիք,15378.935,8282.7752,0.0
2022,7,1001,թռչնի միս,1777.6583,1413.2693,260.435437
2022,7,1006,կարագ,278.8666,753.3167,152.000965
2022,7,1101,բանան,1843.9311,617.6116,123.499064
2022,7,1512,նարինջ,77.3745,20.9505,4.190108
2022,7,1701,ցորեն,42488.471,5563.62,0.0
2022,7,207,բրինձ,503.1858,173.3868,39.60459
2022,7,405,ալյուր,2747.2582,467.457,3.068365
2022,7,803,հնդկաձավար,81.58500000000001,42.5972,0.0
2022,7,805,ձեթ,3553.3368,2550.6729,2.307839
2022,7,1104,մարգարին,1882.0589,1789.3462,40.523151
2022,7,1517,"շաքարավազ, հումք",1448.7595,428.6624,85.72548
2022,7,1901,մանկական սնունդ,28.3864,123.1534,4.360412
2022,7,3004,դեղորայք,198.2609,3962.39,494.061409
2022,7,2710,բենզին,10663.373,4649.1061,134.201511
2022,7,,դիզ. վառելիք,14627.417,8087.2253,10.274026
2022,8,1001,թռչնի միս,2979.8395,2097.1813,403.482957
2022,8,1006,կարագ,617.7026,1518.4647,308.89749
2022,8,1101,բանան,1381.221,464.9946,92.99892
2022,8,1512,նարինջ,71.597,27.0714,5.414274
2022,8,1701,ցորեն,34137.199,3638.1507,0.0
2022,8,207,բրինձ,667.6537,246.7849,62.440095
2022,8,405,ալյուր,3015.3734,475.4683,5.355323
2022,8,803,հնդկաձավար,200.37130000000002,100.0846,0.020003
2022,8,805,ձեթ,2676.3605,1667.959,4.599773
2022,8,1104,մարգարին,1664.3572,1481.3058,52.066589
2022,8,1517,"շաքարավազ, հումք",134.87,52.5524,14.939048
2022,8,1901,մանկական սնունդ,59.3183,234.7169,30.174914
2022,8,3004,դեղորայք,122.7164,11653.6259,613.731771
2022,8,2710,բենզին,17732.078,7691.0723,0.0
2022,8,,դիզ. վառելիք,13763.3944,7566.8775,16.366367
2022,9,1001,թռչնի միս,3654.1786,2637.2154,718.683182
2022,9,1006,կարագ,539.3549,1464.8089,456.20579
2022,9,1101,բանան,1499.269,536.3332,107.21806
2022,9,1512,նարինջ,251.6853,98.883,19.776601
2022,9,1701,ցորեն,48612.5955,5834.9336,0.010498
2022,9,207,բրինձ,442.16,165.1853,37.472881
2022,9,405,ալյուր,2440.4239,381.2119,0.350761
2022,9,803,հնդկաձավար,378.6263,161.2867,0.019853
2022,9,805,ձեթ,2270.7751,1479.3653,3.304638
2022,9,1104,մարգարին,1702.2352,1431.3934,77.828704
2022,9,1517,"շաքարավազ, հումք",16135.2036,3757.1594,9.012212
2022,9,1901,մանկական սնունդ,30.6136,138.0558,8.121633
2022,9,3004,դեղորայք,123.3018,3372.3608,512.835125
2022,9,2710,բենզին,19576.954,7632.3548,113.177645
2022,9,,դիզ. վառելիք,20049.601,10123.0568,417.519617
2022,10,1001,թռչնի միս,3462.0662,2449.731,544.77251
2022,10,1006,կարագ,269.2801,487.7622,118.990866
2022,10,1101,բանան,1524.12,537.7557,133.363423
2022,10,1512,նարինջ,414.17,150.2273,38.997473
2022,10,1701,ցորեն,38300.967,4293.1333,0.0
2022,10,207,բրինձ,883.072,284.0639,59.870721
2022,10,405,ալյուր,3459.3639,487.6353,0.613943
2022,10,803,հնդկաձավար,1004.2551,299.33299999999997,0.0
2022,10,805,ձեթ,3355.792,1923.3567,2.061964
2022,10,1104,մարգարին,2432.0393,1986.3871,74.760575
2022,10,1517,"շաքարավազ, հումք",31844.2063,7087.2613,38.737566
2022,10,1901,մանկական սնունդ,48.7616,195.2058,26.565902
2022,10,3004,դեղորայք,184.838,4726.1733,690.223411
2022,10,2710,բենզին,20341.573,7010.8667,0.0
2022,10,,դիզ. վառելիք,14844.385,7218.7634,0.0
2022,11,1001,թռչնի միս,4519.0236,2841.032,829.081596
2022,11,1006,կարագ,246.7554,511.8801,143.538741
2022,11,1101,բանան,1919.3138,750.1819,185.964667
2022,11,1512,նարինջ,1461.1402,403.2922,90.534377
2022,11,1701,ցորեն,34605.174,4103.9504,0.0
2022,11,207,բրինձ,1077.4498,357.3087,83.848317
2022,11,405,ալյուր,2371.6034,354.8399,5.072507
2022,11,803,հնդկաձավար,642.9023,215.43970000000002,0.0
2022,11,805,ձեթ,2419.5018,1414.4845,5.886479
2022,11,1104,մարգարին,1843.0532,1465.1308,78.302548
2022,11,1517,"շաքարավազ, հումք",61.0617,27.8858,0.461852
2022,11,1901,մանկական սնունդ,71.5158,277.8283,47.393246
2022,11,3004,դեղորայք,170.3496,3874.7884,560.752808
2022,11,2710,բենզին,17662.6,5149.3467,0.0
2022,11,,դիզ. վառելիք,16491.004,7941.5555,85.887619
2022,12,1001,թռչնի միս,4443.9223,2518.3016,912.310676
2022,12,1006,կարագ,607.9774,1484.269,448.255149
2022,12,1101,բանան,2825.1983,1087.1018,268.125454
2022,12,1512,նարինջ,3742.39,968.9837,207.970564
2022,12,1701,ցորեն,27568.788,2856.0294,0.0
2022,12,207,բրինձ,1225.0662,491.3975,124.308466
2022,12,405,ալյուր,3191.1149,407.8625,3.123529
2022,12,803,հնդկաձավար,367.0305,112.6582,0.034133
2022,12,805,ձեթ,3545.1918,1917.9875,16.714259
2022,12,1104,մարգարին,2716.5161,1911.7692,103.189537
2022,12,1517,"շաքարավազ, հումք",794.6809,266.3177,45.998071
2022,12,1901,մանկական սնունդ,75.7964,235.2605,39.23106
2022,12,3004,դեղորայք,210.1748,4969.4267,751.740931
2022,12,2710,բենզին,23489.758,5582.4789,20.655776
2022,12,,դիզ. վառելիք,18546.537,8200.6125,50.537816
2023,1,1001,թռչնի միս,1276.0435,807.4288,125.935016
2023,1,1006,կարագ,265.7566,675.4027,250.647066
2023,1,1101,բանան,1531.7413,604.9185,150.019784
2023,1,1512,նարինջ,853.53,219.3258,47.329415
2023,1,1701,ցորեն,32691.2,3050.604,0.0
2023,1,207,բրինձ,843.1423,240.3561,67.685726
2023,1,405,ալյուր,2389.0589,299.7659,0.578498
2023,1,803,հնդկաձավար,390.4896,94.18430000000001,0.0
2023,1,805,ձեթ,1581.1106,799.861,7.806602
2023,1,1104,մարգարին,1251.9703,947.808,121.58123
2023,1,1517,"շաքարավազ, հումք",253.5181,70.0144,1.780828
2023,1,1901,մանկական սնունդ,51.2546,176.3418,12.383221
2023,1,3004,դեղորայք,125.7922,3402.4768,570.075324
2023,1,2710,բենզին,18112.21,3579.667,0.0
2023,1,,դիզ. վառելիք,12732.739,5380.6444,147.445618
2023,2,1001,թռչնի միս,3856.0859,2160.5259,834.898131
2023,2,1006,կարագ,229.5057,629.5995,218.403456
2023,2,1101,բանան,1517.0939,604.1404,149.824959
2023,2,1512,նարինջ,2602.845,658.9379,140.099059
2023,2,1701,ցորեն,32809.035,3069.1672,0.0
2023,2,207,բրինձ,615.6098,177.585,44.510716
2023,2,405,ալյուր,2028.2079,245.2699,3.283684
2023,2,803,հնդկաձավար,391.8366,84.5654,0.149838
2023,2,805,ձեթ,1148.6358,555.9908,5.166505
2023,2,1104,մարգարին,832.0969,517.2415,32.187788
2023,2,1517,"շաքարավազ, հումք",185.5385,47.705,0.25731
2023,2,1901,մանկական սնունդ,29.538,143.6024,32.608574
2023,2,3004,դեղորայք,158.9975,4082.5652,628.59838
2023,2,2710,բենզին,18655.8,4246.2945,0.0
2023,2,,դիզ. վառելիք,13492.287,5385.4811,126.942405
